name,email,login
Antonio Lopez,Antonio Lopez@gmail.com,Antonio Lopez@gmail.com
Vanesa,Vanesa@gmail.com,Vanesa@gmail.com
Ander,Ander@gmail.com,Ander@gmail.com
Airnavitool,Airnavitool@gmail.com,Airnavitool@gmail.com
Eder,Eder@gmail.com,Eder@gmail.com
IMS,IMS@gmail.com,IMS@gmail.com
Arroyos,Arroyos@gmail.com,Arroyos@gmail.com
Esloan,Esloan@gmail.com,Esloan@gmail.com
Bru  y  Rubio,Bru  y  Rubio@gmail.com,Bru  y  Rubio@gmail.com
Carlos,Carlos@gmail.com,Carlos@gmail.com
Casman,Casman@gmail.com,Casman@gmail.com
Celtica,Celtica@gmail.com,Celtica@gmail.com
Cesar,Cesar@gmail.com,Cesar@gmail.com
Xamer,Xamer@gmail.com,Xamer@gmail.com
Delca,Delca@gmail.com,Delca@gmail.com
Dismaher,Dismaher@gmail.com,Dismaher@gmail.com
Gesthecor,Gesthecor@gmail.com,Gesthecor@gmail.com
Gumersindo,Gumersindo@gmail.com,Gumersindo@gmail.com
Hercometal,Hercometal@gmail.com,Hercometal@gmail.com
Hesmar,Hesmar@gmail.com,Hesmar@gmail.com
Alex  Losada,Alex  Losada@gmail.com,Alex  Losada@gmail.com
Iber-Tech,Iber-Tech@gmail.com,Iber-Tech@gmail.com
Losada,Losada@gmail.com,Losada@gmail.com
Marena,Marena@gmail.com,Marena@gmail.com
Marina  Htas.,Marina  Htas.@gmail.com,Marina  Htas.@gmail.com
Salma,Salma@gmail.com,Salma@gmail.com
Roycer,Roycer@gmail.com,Roycer@gmail.com
SAGAR,SAGAR@gmail.com,SAGAR@gmail.com
Sarabia,Sarabia@gmail.com,Sarabia@gmail.com
Ibaiondo,Ibaiondo@gmail.com,Ibaiondo@gmail.com
Fernadez,Fernadez@gmail.com,Fernadez@gmail.com
SUOJA,SUOJA@gmail.com,SUOJA@gmail.com
"Losada, Representaciones.","Losada, Representaciones.@gmail.com","Losada, Representaciones.@gmail.com"
Trobika,Trobika@gmail.com,Trobika@gmail.com
